"Year","mean_loss","median_loss","max_loss","min_loss"
2015,52.3834296028881,51.64,99.83,0.72
2016,48.9377543859649,45.71,99.98,1.28
2017,50.9770532915361,53.07,99.99,1.54
2018,47.4854193548387,46.63,99.78,0.5
2019,49.9417870722433,52.17,99.97,0.75
2020,50.0569841269841,48.24,99.9,0.82
2021,53.0883277591973,55.12,99.81,0.54
2022,49.9083647798742,50.65,98.47,0.54
2023,50.6605714285714,51.49,99.72,0.61
2024,51.6196989966555,53.59,99.99,0.6
